Keyword,Competitor Frequency,Your Site Status,Priority,Suggested Action
microdosing chocolate,High (TRĒ House/Polkadot),Added to layout keywords,High,Create a dedicated blog post on microdosing with chocolate bars
psilocybin chocolate bar,High (All competitors),Added to layout keywords,High,Already used in homepage hero text; reinforce in shop page descriptions
mushroom chocolate bar for sale,Medium (Shroomiez/Polkadot),Added to layout keywords,High,Add as an H2 on the shop page or create a landing page
lab tested mushroom chocolate,Medium (Alice/Diamond),Added to layout keywords,High,Create a Trust/Lab Testing page highlighting your COA process
discreet mushroom shipping,Medium (All competitors),Added to layout keywords,Medium,Reinforce in FAQ and product page benefits sections
buy psilocybin online,High (All competitors),Added to layout keywords,High,Currently used in hero text; add to blog content
magic mushroom edibles,High (TRĒ House/Polkadot/Shroomiez),Added to layout keywords,High,Consider creating a category landing page for edibles
shroom chocolate,High (All competitors),Added to layout keywords,Medium,Already used across the site; expand in blog content
psychedelic chocolate bar,Medium (Wonderland/Rize),Added to layout keywords,Medium,Create comparison blog posts
mushroom extract chocolate,Low (Alice/Odyssey),Added to layout keywords,Low,Use in About page and product descriptions
functional mushroom bar,Medium (Alice/Odyssey/Rize),Added to layout keywords,Medium,Differentiate from functional mushroom brands in content
premium shroom bars,Medium (TRĒ House),Added to layout keywords,Medium,Already core to your brand; reinforce in H2 tags
amanita muscaria chocolate,High (Yumz/Good Morels),Not on your site,Low,Only relevant if you offer Amanita products
lion's mane chocolate,High (Alice/Rize/Odyssey),Not on your site,Medium,If you offer Lion's Mane variants create dedicated product pages
mushroom wellness,Medium (Alice/Odyssey),Partially present,Medium,Create a wellness-focused landing page or blog category
Belgian chocolate mushroom bar,Low (Unique to you!),Present in content,High,Double down — this is your unique differentiator. Add to title tags.
